INSERT INTO CATEGORY VALUES (1000,'Fish','<image src="../images/fish_icon.gif"><font size="5" color="blue"> Fish</font>');
INSERT INTO CATEGORY VALUES (1001,'Dogs','<image src="../images/dogs_icon.gif"><font size="5" color="blue"> Dogs</font>');
INSERT INTO CATEGORY VALUES (1002,'Reptiles','<image src="../images/reptiles_icon.gif"><font size="5" color="blue"> Reptiles</font>');
INSERT INTO CATEGORY VALUES (1003,'Cats','<image src="../images/cats_icon.gif"><font size="5" color="blue"> Cats</font>');
INSERT INTO CATEGORY VALUES (1004,'Birds','<image src="../images/birds_icon.gif"><font size="5" color="blue"> Birds</font>');

INSERT INTO PRODUCT VALUES (101,1000,'Angelfish','<image src="../images/fish1.gif">Salt Water fish from Australia');
INSERT INTO PRODUCT VALUES (102,1000,'Tiger Shark','<image src="../images/fish4.gif">Salt Water fish from Australia');
INSERT INTO PRODUCT VALUES (103,1000, 'Koi','<image src="../images/fish3.gif">Fresh Water fish from Japan');
INSERT INTO PRODUCT VALUES (104,1000, 'Goldfish','<image src="../images/fish2.gif">Fresh Water fish from China');
INSERT INTO PRODUCT VALUES (105,1001,'Bulldog','<image src="../images/dog2.gif">Friendly dog from England');
INSERT INTO PRODUCT VALUES (106,1001,'Poodle','<image src="../images/dog6.gif">Cute dog from France');
INSERT INTO PRODUCT VALUES (107,1001, 'Dalmation','<image src="../images/dog5.gif">Great dog for a Fire Station');
INSERT INTO PRODUCT VALUES (108,1001, 'Golden Retriever','<image src="../images/dog1.gif">Great family dog');
INSERT INTO PRODUCT VALUES (109,1001, 'Labrador Retriever','<image src="../images/dog5.gif">Great hunting dog');
INSERT INTO PRODUCT VALUES (110,1001, 'Chihuahua','<image src="../images/dog4.gif">Great companion dog');
INSERT INTO PRODUCT VALUES (111,1002,'Rattlesnake','<image src="../images/snake1.gif">Doubles as a watch dog');
INSERT INTO PRODUCT VALUES (112,1002,'Iguana','<image src="../images/lizard1.gif">Friendly green friend');
INSERT INTO PRODUCT VALUES (113,1003,'Manx','<image src="../images/cat2.gif">Great for reducing mouse populations');
INSERT INTO PRODUCT VALUES (114,1003,'Persian','<image src="../images/cat1.gif">Friendly house cat, doubles as a princess');
INSERT INTO PRODUCT VALUES (115,1004,'Amazon Parrot','<image src="../images/bird2.gif">Great companion for up to 75 years');
INSERT INTO PRODUCT VALUES (116,1004,'Finch','<image src="../images/bird1.gif">Great stress reliever');

INSERT INTO SUPPLIER VALUES (1,'XYZ Pets','AC','600 Avon Way','','Los Angeles','CA','94024','212-947-0797');
INSERT INTO SUPPLIER VALUES (2,'ABC Pets','AC','700 Abalone Way','','San Francisco ','CA','94024','415-947-0797');

INSERT INTO  ITEM (itemid, productid, listprice, unitcost, supplier, status, attr1) VALUES(1,101,16.50,10.00,1,'P','Large');
INSERT INTO  ITEM (itemid, productid, listprice, unitcost, supplier, status, attr1) VALUES(2,101,16.50,10.00,1,'P','Small');
INSERT INTO  ITEM (itemid, productid, listprice, unitcost, supplier, status, attr1) VALUES(3,102,18.50,12.00,1,'P','Toothless');
INSERT INTO  ITEM (itemid, productid, listprice, unitcost, supplier, status, attr1) VALUES(4,103,18.50,12.00,1,'P','Spotted');
INSERT INTO  ITEM (itemid, productid, listprice, unitcost, supplier, status, attr1) VALUES(5,103,18.50,12.00,1,'P','Spotless');
INSERT INTO  ITEM (itemid, productid, listprice, unitcost, supplier, status, attr1) VALUES(6,104,18.50,12.00,1,'P','Male Adult');
INSERT INTO  ITEM (itemid, productid, listprice, unitcost, supplier, status, attr1) VALUES(7,104,18.50,12.00,1,'P','Female Puppy');
INSERT INTO  ITEM (itemid, productid, listprice, unitcost, supplier, status, attr1) VALUES(8,105,18.50,12.00,1,'P','Male Puppy');
INSERT INTO  ITEM (itemid, productid, listprice, unitcost, supplier, status, attr1) VALUES(9,106,18.50,12.00,1,'P','Spotless Male Puppy');
INSERT INTO  ITEM (itemid, productid, listprice, unitcost, supplier, status, attr1) VALUES(10,106,18.50,12.00,1,'P','Spotted Adult Female');
INSERT INTO  ITEM (itemid, productid, listprice, unitcost, supplier, status, attr1) VALUES(11,107,18.50,12.00,1,'P','Venomless');
INSERT INTO  ITEM (itemid, productid, listprice, unitcost, supplier, status, attr1) VALUES(12,107,18.50,12.00,1,'P','Rattleless');
INSERT INTO  ITEM (itemid, productid, listprice, unitcost, supplier, status, attr1) VALUES(13,108,18.50,12.00,1,'P','Green Adult');
INSERT INTO  ITEM (itemid, productid, listprice, unitcost, supplier, status, attr1) VALUES(14,109,58.50,12.00,1,'P','Tailless');
INSERT INTO  ITEM (itemid, productid, listprice, unitcost, supplier, status, attr1) VALUES(15,109,23.50,12.00,1,'P','With tail');
INSERT INTO  ITEM (itemid, productid, listprice, unitcost, supplier, status, attr1) VALUES(16,110,93.50,12.00,1,'P','Adult Female');
INSERT INTO  ITEM (itemid, productid, listprice, unitcost, supplier, status, attr1) VALUES(17,110,93.50,12.00,1,'P','Adult Male');
INSERT INTO  ITEM (itemid, productid, listprice, unitcost, supplier, status, attr1) VALUES(18,111,193.50,92.00,1,'P','Adult Male');
INSERT INTO  ITEM (itemid, productid, listprice, unitcost, supplier, status, attr1) VALUES(19,112,15.50, 2.00,1,'P','Adult Male');
INSERT INTO  ITEM (itemid, productid, listprice, unitcost, supplier, status, attr1) VALUES(20,113,5.50, 2.00,1,'P','Adult Male');
INSERT INTO  ITEM (itemid, productid, listprice, unitcost, supplier, status, attr1) VALUES(21,113,5.29, 1.00,1,'P','Adult Female');
INSERT INTO  ITEM (itemid, productid, listprice, unitcost, supplier, status, attr1) VALUES(22,114,135.50, 100.00,1,'P','Adult Male');
INSERT INTO  ITEM (itemid, productid, listprice, unitcost, supplier, status, attr1) VALUES(23,114,145.49, 100.00,1,'P','Adult Female');
INSERT INTO  ITEM (itemid, productid, listprice, unitcost, supplier, status, attr1) VALUES(24,114,255.50, 92.00,1,'P','Adult Male');
INSERT INTO  ITEM (itemid, productid, listprice, unitcost, supplier, status, attr1) VALUES(25,114,325.29, 90.00,1,'P','Adult Female');
INSERT INTO  ITEM (itemid, productid, listprice, unitcost, supplier, status, attr1) VALUES(26,115,125.50, 92.00,1,'P','Adult Male');
INSERT INTO  ITEM (itemid, productid, listprice, unitcost, supplier, status, attr1) VALUES(27,115,155.29, 90.00,1,'P','Adult Female');
INSERT INTO  ITEM (itemid, productid, listprice, unitcost, supplier, status, attr1) VALUES(28,116,155.29, 90.00,1,'P','Adult Female');

INSERT INTO INVENTORY (itemid, qty ) VALUES (1,10000);
INSERT INTO INVENTORY (itemid, qty ) VALUES (2,10000);
INSERT INTO INVENTORY (itemid, qty ) VALUES (3,10000);
INSERT INTO INVENTORY (itemid, qty ) VALUES (4,10000);
INSERT INTO INVENTORY (itemid, qty ) VALUES (5,10000);
INSERT INTO INVENTORY (itemid, qty ) VALUES (6,10000);
INSERT INTO INVENTORY (itemid, qty ) VALUES (7,10000);
INSERT INTO INVENTORY (itemid, qty ) VALUES (8,10000);
INSERT INTO INVENTORY (itemid, qty ) VALUES (9,10000);
INSERT INTO INVENTORY (itemid, qty ) VALUES (10,10000);
INSERT INTO INVENTORY (itemid, qty ) VALUES (11,10000);
INSERT INTO INVENTORY (itemid, qty ) VALUES (12,10000);
INSERT INTO INVENTORY (itemid, qty ) VALUES (13,10000);
INSERT INTO INVENTORY (itemid, qty ) VALUES (14,10000);
INSERT INTO INVENTORY (itemid, qty ) VALUES (15,10000);
INSERT INTO INVENTORY (itemid, qty ) VALUES (16,10000);
INSERT INTO INVENTORY (itemid, qty ) VALUES (17,10000);
INSERT INTO INVENTORY (itemid, qty ) VALUES (18,10000);
INSERT INTO INVENTORY (itemid, qty ) VALUES (19,10000);
INSERT INTO INVENTORY (itemid, qty ) VALUES (20,10000);
INSERT INTO INVENTORY (itemid, qty ) VALUES (21,10000);
INSERT INTO INVENTORY (itemid, qty ) VALUES (22,10000);
INSERT INTO INVENTORY (itemid, qty ) VALUES (23,10000);
INSERT INTO INVENTORY (itemid, qty ) VALUES (24,10000);
INSERT INTO INVENTORY (itemid, qty ) VALUES (25,10000);
INSERT INTO INVENTORY (itemid, qty ) VALUES (26,10000);
INSERT INTO INVENTORY (itemid, qty ) VALUES (27,10000);
INSERT INTO INVENTORY (itemid, qty ) VALUES (28,10000);

